Step,FlowLoss,Accepted,AvgEnergy,AvgShift,AvgAcc,AvgMSD,T_Phys,T_Train,T_Jump,T_Total
0,-1885.494140625,0,-244.05740356445312,2.2499773502349854,1.1874991655349731,0.0,9.0107421875,1.1370058059692383,2.5417182445526123,12.689590692520142
100,-2766.9716796875,0,-339.703369140625,1.937759280204773,0.6701385974884033,1205.728759765625,9.054426908493042,0.38245558738708496,2.381272554397583,11.818178415298462
200,-3171.119140625,0,-360.9465637207031,1.8872052431106567,0.6701385974884033,3042.29833984375,8.99911379814148,0.41797471046447754,2.3854939937591553,11.802601337432861
300,-3181.662109375,0,-370.0932312011719,1.7953640222549438,0.6215275526046753,4578.1884765625,8.850993156433105,0.3600490093231201,2.312774181365967,11.52383542060852
400,-3105.826171875,0,-372.8951416015625,1.76438570022583,0.6388885974884033,6593.87890625,9.21470832824707,0.47310352325439453,2.3386476039886475,12.026484489440918
500,-2958.7958984375,0,-377.7372741699219,1.7560718059539795,0.6076386570930481,8728.1640625,8.799756288528442,0.44539809226989746,2.324758529663086,11.569932699203491
